road_id,risk_score,predicted_disruption
way/22827116,20.24,0
way/38719482,5.21,0
way/44638618,5.21,0
way/44638677,6.92,0
way/44638799,5.21,0
way/44638826,5.21,0
way/44639059,20.58,0
way/44639607,5.21,0
way/44639622,6.92,0
way/44639797,22.64,0
way/44639823,28.98,0
way/44639845,6.92,0
way/44639846,24.31,0
way/44639859,11.6,0
way/44641071,5.21,0
way/44641072,5.21,0
way/44641101,5.21,0
way/44641105,22.64,0
way/44641120,5.21,0
way/44641131,5.21,0
way/44641140,5.21,0
way/44641222,6.92,0
way/44641257,5.21,0
way/44642944,27.91,0
way/44643106,21.88,0
way/44643131,21.88,0
way/44643152,5.21,0
way/44643275,19.02,0
way/44643283,27.9,0
way/44643353,21.88,0
way/44643354,27.9,0
way/44643380,21.88,0
way/44643397,30.57,0
way/44643404,5.21,0
way/44644201,5.21,0
way/44644259,6.92,0
way/44644278,5.21,0
way/44644279,6.92,0
way/44644280,29.86,0
way/44644341,5.21,0
way/44644363,5.21,0
way/44644445,5.21,0
way/44644447,24.31,0
way/44644449,5.21,0
way/44644556,68.56,1
way/44644560,61.18,1
way/44644633,47.94,1
way/44645090,29.86,0
way/44645091,29.86,0
way/44645092,30.92,0
way/44645149,6.92,0
way/44645516,6.92,0
way/44645517,35.12,1
way/44645518,14.16,0
way/44645573,24.31,0
way/44645880,10.49,0
way/44768595,5.21,0
way/44768597,47.94,1
way/44768600,5.21,0
way/44892570,5.21,0
way/44892580,5.21,0
way/44898808,54.73,1
way/44898849,21.88,0
way/51188426,21.88,0
way/51188427,6.92,0
way/51188429,6.92,0
way/51188437,64.79,1
way/51188438,74.89,1
way/51188439,6.92,0
way/51188447,37.03,1
way/51188915,47.94,1
way/51188916,45.1,1
way/51188917,18.18,0
way/51188919,67.96,1
way/51188920,66.69,1
way/51188921,37.03,1
way/51188922,23.0,0
way/51188926,20.58,0
way/51188929,20.58,0
way/51188930,49.94,1
way/51188932,31.76,0
way/51188934,20.58,0
way/51189484,68.22,1
way/51189492,18.18,0
way/51189498,47.94,1
way/51252535,37.28,1
way/51252536,27.9,0
way/51252537,47.94,1
way/51252624,5.21,0
way/51252625,5.21,0
way/51252626,5.21,0
way/51252627,47.94,1
way/51252628,56.51,1
way/51252630,5.21,0
way/53216589,27.57,0
way/53216590,5.21,0
way/53216599,38.02,1
way/53216601,22.64,0
way/53217184,5.21,0
way/98720786,68.22,1
way/98720787,17.89,0
way/114812763,96.67,1
way/114812766,29.08,0
way/114812768,86.32,1
way/114812771,49.94,1
way/114812788,20.58,0
way/114812790,5.21,0
way/114812791,33.68,0
way/120130506,5.21,0
way/120130535,5.21,0
way/120487460,5.21,0
way/121380522,24.31,0
way/122008081,54.68,1
way/122008093,66.82,1
way/122008098,5.21,0
way/122008106,66.82,1
way/122008126,75.58,1
way/122009488,49.25,1
way/122026615,5.21,0
way/122026617,5.21,0
way/122026632,30.09,0
way/122026634,33.68,0
way/122026653,6.92,0
way/122026677,5.21,0
way/122026680,5.21,0
way/122026724,7.91,0
way/122026748,33.68,0
way/122026781,5.21,0
way/122027964,55.73,1
way/122027969,68.22,1
way/122027972,74.18,1
way/122030738,5.21,0
way/122030739,47.94,1
way/122030746,74.89,1
way/122030750,5.21,0
way/122030754,68.22,1
way/122030766,55.73,1
way/122030770,74.44,1
way/122031554,47.94,1
way/123891692,5.21,0
way/123891693,5.21,0
way/123891695,5.21,0
way/123891706,17.07,0
way/123891708,5.21,0
way/123891709,6.92,0
way/123891716,5.21,0
way/129101834,18.18,0
way/135461184,21.88,0
way/144197013,66.69,1
way/144197014,66.69,1
way/144357674,66.46,1
way/157584895,20.58,0
way/157584897,47.5,1
way/157584898,22.72,0
way/157586072,68.91,1
way/157587544,49.94,1
way/157587547,63.48,1
way/157587548,20.58,0
way/157587549,49.94,1
way/158014340,20.24,0
way/158014341,5.21,0
way/221491270,35.59,1
way/222980003,5.21,0
way/224011410,5.21,0
way/224011411,5.21,0
way/224011412,5.21,0
way/224011413,27.9,0
way/224011414,5.21,0
way/224011415,5.21,0
way/224011416,5.21,0
way/224011418,27.9,0
way/224011420,5.21,0
way/224011421,5.21,0
way/224011422,27.9,0
way/224011423,8.03,0
way/224011425,27.9,0
way/224011427,6.92,0
way/224011428,11.6,0
way/224011429,23.81,0
way/224013298,27.57,0
way/224013299,20.24,0
way/224013300,37.28,1
way/226284064,24.57,0
way/226284066,41.37,1
way/227894212,5.21,0
way/228275670,27.57,0
way/228275680,27.57,0
way/228549920,5.21,0
way/228880401,20.24,0
way/228880405,5.21,0
way/228880406,5.21,0
way/253663171,30.32,0
way/253663174,21.88,0
way/253663184,5.21,0
way/261074438,47.94,1
way/261074442,55.73,1
way/261074444,21.88,0
way/261074445,20.58,0
way/261074446,20.58,0
way/261074447,67.86,1
way/261074449,20.58,0
way/261074451,5.21,0
way/261074453,5.21,0
way/261074454,49.94,1
way/261074456,18.18,0
way/261078158,96.67,1
way/262982732,64.79,1
way/262982735,64.79,1
way/262982742,64.79,1
way/284799028,5.21,0
way/284799029,5.21,0
way/284799032,5.21,0
way/289680936,5.21,0
way/324171520,27.57,0
way/324171522,5.21,0
way/324171524,30.92,0
way/367630023,63.48,1
way/386384620,5.21,0
way/386384629,55.41,1
way/386384631,44.61,1
way/386384633,27.57,0
way/386384634,27.57,0
way/386384636,48.21,1
way/386384637,5.21,0
way/386390124,5.21,0
way/386390125,5.21,0
way/386390129,5.21,0
way/386390130,5.21,0
way/386390131,5.21,0
way/386390132,20.99,0
way/386390133,24.31,0
way/386390134,21.88,0
way/386390135,28.65,0
way/386390136,34.16,0
way/386390138,5.21,0
way/386390139,24.31,0
way/386390140,27.57,0
way/386390141,5.21,0
way/386390142,5.21,0
way/386390143,5.21,0
way/386390144,51.75,1
way/386390145,5.21,0
way/386390146,5.21,0
way/387479829,22.64,0
way/393657586,47.94,1
way/395997750,36.08,1
way/395997751,24.31,0
way/395997752,24.31,0
way/405840603,5.21,0
way/405840604,6.92,0
way/405840605,5.21,0
way/405840606,5.21,0
way/405840607,5.21,0
way/405840610,5.21,0
way/405841129,5.21,0
way/407995792,22.64,0
way/407995793,5.21,0
way/421591810,5.21,0
way/421591816,5.21,0
way/421591821,5.21,0
way/421591822,5.21,0
way/421591826,5.21,0
way/431216810,5.21,0
way/431216811,5.21,0
way/431220703,5.21,0
way/431223046,5.21,0
way/431237222,5.21,0
way/431237223,5.21,0
way/431237224,5.21,0
way/431237225,5.21,0
way/431237227,5.21,0
way/431237228,5.21,0
way/444994314,5.21,0
way/444994319,5.21,0
way/444994321,47.39,1
way/444994345,5.21,0
way/459339984,5.21,0
way/459339985,5.21,0
way/461940997,6.92,0
way/461949860,68.22,1
way/461949861,68.22,1
way/461949945,18.18,0
way/461952487,27.57,0
way/462641354,29.59,0
way/462641357,5.21,0
way/462641358,5.21,0
way/479206974,5.21,0
way/495383873,47.77,1
way/495440595,42.75,1
way/497502697,5.21,0
way/497502701,5.21,0
way/497502704,5.21,0
way/497502726,96.67,1
way/497520981,23.0,0
way/497520982,66.93,1
way/497520984,18.18,0
way/497520985,18.18,0
way/497520988,34.61,0
way/497520989,44.18,1
way/497520990,86.61,1
way/497520991,86.61,1
way/497524496,24.31,0
way/497524502,6.1,0
way/497524503,6.1,0
way/507819474,18.18,0
way/507819525,5.21,0
way/507819548,18.18,0
way/508130609,22.64,0
way/508333037,24.31,0
way/508338574,5.21,0
way/508340155,5.21,0
way/508340345,5.21,0
way/508340347,5.21,0
way/508340348,26.23,0
way/508351469,5.21,0
way/508372269,5.21,0
way/508372271,5.21,0
way/508372459,5.21,0
way/508372514,5.21,0
way/508399298,76.64,1
way/508399320,83.31,1
way/508414076,5.21,0
way/508414105,5.21,0
way/508422339,24.57,0
way/508535624,49.25,1
way/508535878,66.46,1
way/508665336,5.21,0
way/508670974,95.78,1
way/508682546,5.21,0
way/508682548,5.21,0
way/508682549,5.21,0
way/508686071,22.64,0
way/508686075,20.58,0
way/508686078,21.88,0
way/508686081,21.88,0
way/508686084,21.88,0
way/508686087,21.88,0
way/508686089,20.58,0
way/508686095,21.88,0
way/508686096,21.88,0
way/508686097,21.88,0
way/508686099,21.88,0
way/508686100,21.88,0
way/508686101,20.58,0
way/508686103,5.21,0
way/508686106,5.21,0
way/508689386,20.58,0
way/508689388,20.58,0
way/508689389,20.58,0
way/508977077,21.88,0
way/509093239,61.37,1
way/509093274,96.67,1
way/510133519,5.21,0
way/510186674,43.37,1
way/510343702,35.59,1
way/510419357,6.92,0
way/510453156,29.86,0
way/510453157,29.86,0
way/511187551,25.64,0
way/511204936,35.59,1
way/511222631,24.31,0
way/511223689,5.21,0
way/511226643,27.57,0
way/511226648,5.21,0
way/511230450,5.21,0
way/511233664,41.37,1
way/511241181,5.21,0
way/511259700,20.24,0
way/511391178,5.21,0
way/511392891,5.21,0
way/511398703,5.21,0
way/511890345,5.21,0
way/511890959,5.21,0
way/511892611,5.21,0
way/511892618,5.21,0
way/511958694,5.21,0
way/517474923,21.88,0
way/517474924,21.88,0
way/517474927,27.9,0
way/517474928,38.72,1
way/517478747,32.01,0
way/517478748,47.94,1
way/517891508,26.51,0
way/517919078,5.21,0
way/517919079,5.21,0
way/517919081,5.21,0
way/517941876,47.94,1
way/518213044,5.21,0
way/534819102,5.21,0
way/534819107,5.21,0
way/541309711,5.21,0
way/541309713,5.21,0
way/541309714,5.21,0
way/541309715,5.21,0
way/541319127,6.92,0
way/541319128,6.92,0
way/541319135,20.24,0
way/543480046,5.21,0
way/543485001,5.21,0
way/543485005,5.21,0
way/543488002,5.21,0
way/543623710,67.86,1
way/543623711,47.94,1
way/543623712,67.77,1
way/543623714,68.47,1
way/543623717,68.22,1
way/543623719,68.22,1
way/543624681,49.25,1
way/543624682,41.37,1
way/543624684,68.91,1
way/543627488,64.79,1
way/543627490,96.67,1
way/543640148,66.55,1
way/543640150,68.91,1
way/543640151,37.62,1
way/543640152,66.69,1
way/543640826,61.82,1
way/543640827,77.22,1
way/543646780,64.79,1
way/543647062,64.79,1
way/543647063,41.37,1
way/543649267,64.79,1
way/543649268,77.22,1
way/543649269,54.42,1
way/543650234,66.69,1
way/543653045,65.81,1
way/548223441,66.69,1
way/564639519,5.21,0
way/564639521,5.21,0
way/564639522,5.21,0
way/564639524,5.21,0
way/564659516,23.81,0
way/564665216,5.21,0
way/564665217,5.21,0
way/564671757,6.92,0
way/564671760,5.21,0
way/564671761,5.21,0
way/564671763,5.21,0
way/564671764,5.21,0
way/564671765,29.84,0
way/564671766,23.81,0
way/564671767,5.21,0
way/564671768,27.9,0
way/564671771,27.9,0
way/564682907,5.21,0
way/564682909,6.1,0
way/564682911,6.1,0
way/564682914,6.1,0
way/564697246,5.21,0
way/564697251,66.93,1
way/564697252,47.94,1
way/564697253,47.94,1
way/564697254,66.93,1
way/564697255,5.21,0
way/565084766,5.21,0
way/565084773,5.21,0
way/565084777,5.21,0
way/565084785,29.84,0
way/565084787,5.21,0
way/565084789,5.21,0
way/565084791,5.21,0
way/565097090,5.21,0
way/565100016,75.58,1
way/565100030,34.61,0
way/565103162,18.18,0
way/565103163,16.25,0
way/565103164,26.59,0
way/565103165,16.25,0
way/565103166,5.21,0
way/565302567,8.78,0
way/565302568,5.21,0
way/565316308,5.21,0
way/565316325,5.21,0
way/565316331,5.21,0
way/565316338,5.21,0
way/565327369,5.21,0
way/565327381,5.21,0
way/565327383,5.21,0
way/565327389,29.86,0
way/565327404,5.21,0
way/565327408,5.21,0
way/565327422,5.21,0
way/565327432,5.21,0
way/565327437,23.81,0
way/565333175,5.21,0
way/565333180,5.21,0
way/565346085,6.1,0
way/565346089,5.21,0
way/565346101,5.21,0
way/565346108,21.88,0
way/565346110,21.88,0
way/565346112,6.1,0
way/565346114,5.21,0
way/565369280,49.25,1
way/566148617,42.68,1
way/572241504,16.34,0
way/572310492,5.21,0
way/572978613,84.0,1
way/573024145,84.0,1
way/578021228,28.65,0
way/585167216,41.01,1
way/587501118,38.02,1
way/588785832,41.37,1
way/588785838,18.18,0
way/588785839,18.18,0
way/588785840,6.92,0
way/588785841,6.92,0
way/588791117,20.58,0
way/605693427,20.24,0
way/605693428,20.24,0
way/605693429,22.64,0
way/605693430,20.24,0
way/605693431,22.64,0
way/605693432,20.24,0
way/605693435,20.24,0
way/605693437,20.24,0
way/609822894,52.06,1
way/609822895,20.24,0
way/611088801,32.0,0
way/611088802,27.92,0
way/611095480,41.37,1
way/611114955,20.24,0
way/611162343,43.3,1
way/611163467,41.86,1
way/611163468,43.3,1
way/611179245,41.86,1
way/611179259,32.5,0
way/611180505,33.68,0
way/611185314,32.01,0
way/611185348,34.84,0
way/611197746,6.92,0
way/611197747,6.92,0
way/611447670,5.21,0
way/611496536,5.21,0
way/611496537,5.21,0
way/611570677,20.58,0
way/611570678,20.58,0
way/611885489,41.94,1
way/611885490,30.92,0
way/614242511,5.21,0
way/614242512,20.58,0
way/614242513,20.58,0
way/615633237,5.21,0
way/615633238,6.92,0
way/615633239,6.92,0
way/615633240,5.21,0
way/615633241,5.21,0
way/636366607,24.57,0
way/637560677,5.21,0
way/637560678,29.0,0
way/637560679,24.31,0
way/637560680,5.21,0
way/637560682,5.21,0
way/637560683,5.21,0
way/651001376,27.57,0
way/651640563,5.21,0
way/651640654,5.21,0
way/651641217,21.88,0
way/651641218,5.21,0
way/651641220,5.21,0
way/651641782,22.64,0
way/657773831,5.21,0
way/657782632,5.21,0
way/657782633,10.43,0
way/657782634,8.03,0
way/659471832,6.92,0
way/659471833,8.03,0
way/659472079,22.64,0
way/659766551,5.21,0
way/659766552,5.21,0
way/662904833,21.88,0
way/662904834,21.88,0
way/662907280,5.21,0
way/662909140,47.94,1
way/662909141,61.42,1
way/662909143,63.27,1
way/662909144,47.94,1
way/662911956,22.5,0
way/669013685,5.21,0
way/677269522,5.21,0
way/677269523,5.21,0
way/677506833,24.57,0
way/677506835,25.17,0
way/677506836,41.37,1
way/677506837,26.36,0
way/677506844,24.31,0
way/677506845,51.25,1
way/677506884,31.89,0
way/677506885,29.84,0
way/711640766,5.21,0
way/711640767,21.88,0
way/713328876,52.44,1
way/713345325,5.21,0
way/713365239,5.21,0
way/713375123,22.64,0
way/713375124,5.21,0
way/713385005,27.9,0
way/713543964,47.94,1
way/713578264,22.64,0
way/713580778,68.22,1
way/713582019,24.57,0
way/713582020,24.57,0
way/713586648,6.92,0
way/713587279,5.21,0
way/713587280,5.21,0
way/714344976,5.21,0
way/714347282,24.57,0
way/714355207,47.94,1
way/714390617,5.21,0
way/714398978,66.2,1
way/714406004,6.1,0
way/714406005,10.31,0
way/714408680,13.88,0
way/715193914,5.21,0
way/715363038,5.21,0
way/724689844,37.51,1
way/733194334,96.67,1
way/733443659,96.67,1
way/734350780,75.58,1
way/734350781,54.09,1
way/734350783,66.48,1
way/734350784,41.37,1
way/734350785,68.22,1
way/734642748,40.64,1
way/734642749,40.64,1
way/734642750,64.79,1
way/734642751,67.96,1
way/734642752,64.79,1
way/734738134,18.18,0
way/735380011,20.58,0
way/739795308,59.01,1
way/739795310,95.03,1
way/739795311,88.25,1
way/739795312,68.91,1
way/740044933,75.58,1
way/740044934,75.58,1
way/740044935,86.32,1
way/740044936,86.32,1
way/740099635,82.41,1
way/757109628,53.92,1
way/760408588,28.66,0
way/760408589,22.64,0
way/760408590,34.66,0
way/760743299,8.03,0
way/760743310,11.6,0
way/760743311,24.31,0
way/760743312,27.9,0
way/760743313,8.03,0
way/760743314,27.9,0
way/761332709,7.91,0
way/761332710,7.91,0
way/761332711,29.84,0
way/761332712,29.84,0
way/761332713,29.84,0
way/761342326,67.86,1
way/761342338,95.03,1
way/761342348,74.89,1
way/761342359,68.22,1
way/761342360,68.22,1
way/761342362,35.37,1
way/761925723,5.21,0
way/761938604,5.21,0
way/761945490,5.21,0
way/761945804,5.21,0
way/762343653,5.21,0
way/762343654,25.32,0
way/762343656,5.21,0
way/762343657,5.21,0
way/762343670,5.21,0
way/762343671,5.21,0
way/762356174,5.21,0
way/762356175,5.21,0
way/762356176,5.21,0
way/762356177,5.21,0
way/762356188,5.21,0
way/762356189,5.21,0
way/762356190,5.21,0
way/762356191,5.21,0
way/762356192,5.21,0
way/762365075,54.59,1
way/762365076,35.24,1
way/762365078,33.92,0
way/771296820,27.9,0
way/806274797,20.24,0
way/856441088,30.57,0
way/867774688,95.03,1
way/867774689,77.22,1
way/867774690,68.22,1
way/867774691,5.21,0
way/867774693,37.03,1
way/867774694,5.21,0
way/867774695,43.85,1
way/867774700,6.1,0
way/867774702,5.21,0
way/867776438,5.21,0
way/868672421,16.25,0
way/881785676,5.21,0
way/881785677,5.21,0
way/881785686,5.21,0
way/881785687,5.21,0
way/881785688,5.21,0
way/881785689,5.21,0
way/881785690,5.21,0
way/881785691,5.21,0
way/881785692,5.21,0
way/881785696,5.21,0
way/881785697,5.21,0
way/881785712,5.21,0
way/881785715,5.21,0
way/881785716,5.21,0
way/882027612,5.21,0
way/901170038,5.21,0
way/906724381,6.92,0
way/906724382,6.92,0
way/906724383,6.92,0
way/906724388,6.92,0
way/911817223,11.48,0
way/911817224,7.91,0
way/911817226,5.21,0
way/911817227,21.88,0
way/911817228,5.21,0
way/911817230,12.48,0
way/911817231,21.88,0
way/911817232,22.64,0
way/911817233,12.48,0
way/911817234,5.21,0
way/911820040,20.58,0
way/911820041,20.58,0
way/911820042,20.58,0
way/911820043,20.58,0
way/968413012,41.37,1
way/968413013,32.33,0
way/968413014,41.37,1
way/968413015,41.37,1
way/968956579,33.58,0
way/968956582,55.97,1
way/968956583,45.27,1
way/968959717,28.01,0
way/968959718,27.57,0
way/968959719,29.84,0
way/968959721,32.33,0
way/968963644,27.57,0
way/968963645,37.51,1
way/968963759,5.21,0
way/969132122,34.16,0
way/969538368,27.57,0
way/969538369,44.18,1
way/969540128,29.84,0
way/969680905,38.02,1
way/969680906,38.02,1
way/970251952,29.59,0
way/970251956,5.21,0
way/970251958,32.24,0
way/970251959,41.37,1
way/970251960,42.68,1
way/977963755,28.65,0
way/977963756,28.65,0
way/977963757,30.82,0
way/977963758,32.01,0
way/977963759,32.01,0
way/977963760,32.01,0
way/977963761,33.7,0
way/977963762,33.7,0
way/977963763,24.57,0
way/977963764,33.7,0
way/986827273,24.31,0
way/991928708,18.18,0
way/997400499,77.33,1
way/1000095930,5.21,0
way/1000095932,5.21,0
way/1000095933,6.1,0
way/1000095935,5.21,0
way/1000095937,6.1,0
way/1000095938,6.1,0
way/1013969997,66.69,1
way/1013969998,68.19,1
way/1014551111,74.76,1
way/1024517887,24.57,0
way/1024796518,5.21,0
way/1024796519,5.21,0
way/1024796520,5.21,0
way/1024796521,5.21,0
way/1024796523,5.21,0
way/1024796526,36.58,1
way/1024796528,6.1,0
way/1024796529,35.36,1
way/1024796530,43.3,1
way/1024796531,43.3,1
way/1024796532,38.72,1
way/1038595629,95.03,1
way/1038928900,5.21,0
way/1038928901,5.21,0
way/1039076875,75.58,1
way/1041338049,49.25,1
way/1041439024,5.21,0
way/1054721874,74.18,1
way/1054721875,72.81,1
way/1070137324,26.23,0
way/1071899994,38.02,1
way/1088731462,86.61,1
way/1090679517,43.3,1
way/1101700465,47.94,1
way/1105224532,5.21,0
way/1111679623,5.21,0
way/1111679624,5.21,0
way/1117743812,5.21,0
way/1118012912,24.16,0
way/1118012913,21.88,0
way/1120259397,5.21,0
way/1124976974,66.05,1
way/1125145370,31.76,0
way/1125145372,47.94,1
way/1133073673,38.02,1
way/1133073674,22.64,0
way/1133073675,5.21,0
way/1133073676,5.21,0
way/1133094844,45.04,1
way/1133094845,51.86,1
way/1133094846,39.33,1
way/1133623075,5.21,0
way/1133623076,12.48,0
way/1133623077,31.89,0
way/1133623078,27.57,0
way/1133623079,34.16,0
way/1133623080,34.16,0
way/1133623081,34.16,0
way/1133623082,37.51,1
way/1133773953,5.21,0
way/1133773954,5.21,0
way/1133773955,5.21,0
way/1133773956,5.21,0
way/1133773957,32.24,0
way/1133773958,5.21,0
way/1133773959,5.21,0
way/1133805916,5.21,0
way/1133805917,5.21,0
way/1133805918,32.24,0
way/1133805919,5.21,0
way/1133805920,5.21,0
way/1133805921,32.0,0
way/1134090039,5.21,0
way/1134103725,5.21,0
way/1134103726,5.21,0
way/1134409399,5.21,0
way/1134698727,55.89,1
way/1134700732,51.18,1
way/1134702964,29.84,0
way/1134702965,5.21,0
way/1134702966,24.31,0
way/1134706100,5.21,0
way/1134706101,29.84,0
way/1134706102,5.21,0
way/1134753279,43.37,1
way/1134753280,25.64,0
way/1134753281,25.64,0
way/1134753282,41.37,1
way/1134753283,33.92,0
way/1134753285,49.94,1
way/1134775131,21.88,0
way/1134862211,30.32,0
way/1134862212,20.99,0
way/1134862213,5.21,0
way/1134883576,28.66,0
way/1134917085,5.21,0
way/1134920397,5.21,0
way/1134920398,21.88,0
way/1134920399,5.21,0
way/1134920400,5.21,0
way/1134920401,5.21,0
way/1134920402,5.21,0
way/1134920403,5.21,0
way/1134920404,5.21,0
way/1135116793,24.31,0
way/1135116794,27.57,0
way/1135126725,55.89,1
way/1135130867,22.64,0
way/1135130868,5.21,0
way/1135130869,6.92,0
way/1135130870,37.51,1
way/1135139792,5.21,0
way/1135139793,5.21,0
way/1135139794,5.21,0
way/1135139795,5.21,0
way/1135139796,22.64,0
way/1135139797,5.21,0
way/1135139798,5.21,0
way/1135139799,22.64,0
way/1135139800,20.58,0
way/1135139802,5.21,0
way/1135139803,21.88,0
way/1135139804,21.88,0
way/1135139805,21.88,0
way/1135139806,5.21,0
way/1135139807,11.48,0
way/1135139808,21.88,0
way/1135139809,5.21,0
way/1135140245,5.21,0
way/1135140246,5.21,0
way/1135608706,50.18,1
way/1135615390,74.89,1
way/1135617344,64.79,1
way/1135617345,64.79,1
way/1135624341,38.37,1
way/1135624342,41.37,1
way/1135627820,64.79,1
way/1135638795,6.92,0
way/1135638796,6.92,0
way/1135643962,5.21,0
way/1135659899,5.21,0
way/1135659900,32.24,0
way/1135659901,5.21,0
way/1135659902,32.24,0
way/1135659903,5.21,0
way/1135659904,32.24,0
way/1135663704,20.58,0
way/1135663710,5.21,0
way/1135670522,75.58,1
way/1135670523,75.58,1
way/1135672923,49.25,1
way/1135672924,49.25,1
way/1135672925,49.25,1
way/1135684882,5.21,0
way/1135684883,5.21,0
way/1135684884,5.21,0
way/1135704871,5.21,0
way/1135704872,5.21,0
way/1135713424,84.0,1
way/1135713425,67.86,1
way/1135713426,92.51,1
way/1135713427,84.0,1
way/1135727015,27.9,0
way/1135727016,27.9,0
way/1135727017,6.92,0
way/1136955005,21.88,0
way/1137202314,27.57,0
way/1137494323,5.21,0
way/1137494324,43.37,1
way/1137494329,29.84,0
way/1137494330,28.01,0
way/1137494331,41.37,1
way/1137497049,29.59,0
way/1137497050,5.21,0
way/1137545567,37.51,1
way/1138267124,43.3,1
way/1138267125,41.37,1
way/1138566511,27.57,0
way/1138566512,37.51,1
way/1138573688,29.86,0
way/1138573689,31.76,0
way/1138626660,34.41,0
way/1138626661,27.35,0
way/1138647251,62.53,1
way/1138647252,32.33,0
way/1138655104,23.86,0
way/1138655105,31.96,0
way/1138665289,5.21,0
way/1138669127,24.78,0
way/1138669128,31.76,0
way/1138672177,5.21,0
way/1138687245,27.57,0
way/1138688164,5.21,0
way/1138688165,5.21,0
way/1138688166,5.21,0
way/1138688167,5.21,0
way/1138688168,5.21,0
way/1138688169,5.21,0
way/1139102828,5.21,0
way/1139102829,24.57,0
way/1139107222,5.21,0
way/1139112798,5.21,0
way/1139112799,5.21,0
way/1139112800,5.21,0
way/1139112801,24.78,0
way/1139115768,27.57,0
way/1139115769,52.06,1
way/1139115770,27.57,0
way/1139115771,37.51,1
way/1139117559,38.02,1
way/1139117560,30.58,0
way/1139129310,35.12,1
way/1139129311,29.83,0
way/1140684457,32.24,0
way/1140684458,34.16,0
way/1140684459,34.16,0
way/1140705687,5.21,0
way/1140709809,5.21,0
way/1140709810,5.21,0
way/1140709811,5.21,0
way/1140714886,6.92,0
way/1140714887,6.92,0
way/1140718397,26.6,0
way/1140719455,6.92,0
way/1140719456,6.92,0
way/1140719457,6.92,0
way/1140719458,6.92,0
way/1140719459,6.92,0
way/1140719460,5.21,0
way/1140719461,6.92,0
way/1140719462,5.21,0
way/1140719463,6.92,0
way/1140719945,6.92,0
way/1140764373,37.51,1
way/1140764374,32.49,0
way/1140764375,35.69,1
way/1140764376,5.21,0
way/1140794599,5.21,0
way/1140794600,5.21,0
way/1140799881,5.21,0
way/1140799883,5.21,0
way/1140799884,5.21,0
way/1140799885,41.37,1
way/1140799886,5.21,0
way/1140831183,5.21,0
way/1140854313,5.21,0
way/1140854314,37.28,1
way/1140908110,5.21,0
way/1141042992,52.92,1
way/1141042993,28.74,0
way/1141059599,5.21,0
way/1141059600,5.21,0
way/1141065212,30.57,0
way/1141065213,42.68,1
way/1141068041,5.21,0
way/1141851188,37.28,1
way/1141851189,15.39,0
way/1141857183,37.28,1
way/1141857184,5.21,0
way/1141857185,5.21,0
way/1141885206,5.21,0
way/1141885207,25.34,0
way/1141885755,5.21,0
way/1141885756,20.99,0
way/1141885757,5.21,0
way/1141885758,24.31,0
way/1142036316,42.68,1
way/1142036317,37.51,1
way/1142104187,48.02,1
way/1142114093,20.24,0
way/1142114729,5.21,0
way/1142114730,5.21,0
way/1142114917,5.21,0
way/1142114918,5.21,0
way/1142114919,19.6,0
way/1142114920,19.6,0
way/1142424180,6.92,0
way/1142424181,6.92,0
way/1144568726,25.34,0
way/1144580651,32.48,0
way/1144580652,24.56,0
way/1144580653,32.48,0
way/1144580654,34.41,0
way/1144654341,5.21,0
way/1144654342,5.21,0
way/1144654344,5.21,0
way/1144660988,38.02,1
way/1144660989,33.86,0
way/1144676563,5.21,0
way/1144677163,5.21,0
way/1144942346,47.94,1
way/1144942347,22.49,0
way/1144942348,44.09,1
way/1154031784,5.21,0
way/1156261167,5.21,0
way/1180151100,19.02,0
way/1180151217,42.68,1
way/1180151218,27.9,0
way/1180151506,31.25,0
way/1180151507,45.1,1
way/1189277617,29.0,0
way/1190512285,5.21,0
way/1190512286,5.21,0
way/1190808120,27.9,0
way/1193729434,68.22,1
way/1199467421,48.04,1
way/1200772287,47.94,1
way/1204084579,27.9,0
way/1204084580,27.9,0
way/1204084581,11.48,0
way/1204084582,5.21,0
way/1209648724,29.82,0
way/1210473142,46.77,1
way/1210473143,46.77,1
way/1211521032,5.21,0
way/1211537585,39.33,1
way/1211537586,27.9,0
way/1214448839,24.31,0
way/1216161241,5.21,0
way/1218448726,41.37,1
way/1224696303,5.21,0
way/1225015801,74.89,1
way/1234807535,5.21,0
way/1238593177,47.94,1
way/1244284016,5.21,0
way/1246237801,19.02,0
way/1254970067,5.21,0
way/1254970073,5.21,0
way/1254970074,29.59,0
way/1254970083,42.68,1
way/1254970084,38.02,1
way/1255710656,5.21,0
way/1255710659,6.92,0
way/1255710660,41.37,1
way/1257321454,33.68,0
way/1258150362,5.21,0
way/1258475234,33.68,0
way/1266648458,33.68,0
way/1266648607,33.68,0
way/1266764608,33.68,0
way/1266764609,30.09,0
way/1266775599,21.88,0
way/1266775600,22.64,0
way/1266775601,5.21,0
way/1266775602,5.21,0
way/1266997776,5.21,0
way/1266997777,5.21,0
way/1266997778,33.68,0
way/1266997779,33.68,0
way/1266997780,29.86,0
way/1266997782,29.86,0
way/1266997783,5.21,0
way/1266997784,5.21,0
way/1267001373,57.65,1
way/1267009904,76.89,1
way/1267009905,87.35,1
way/1267016276,5.21,0
way/1267016629,20.1,0
way/1267016630,44.78,1
way/1267016631,33.42,0
way/1267016632,44.09,1
way/1267016633,33.42,0
way/1267017648,20.1,0
way/1267017649,18.18,0
way/1267017650,20.1,0
way/1267017651,20.1,0
way/1267017652,18.18,0
way/1267017653,32.01,0
way/1267017654,32.01,0
way/1267017655,32.01,0
way/1267018328,20.6,0
way/1267018329,49.25,1
way/1267018330,22.49,0
way/1267019486,84.0,1
way/1267019487,68.56,1
way/1267019488,68.56,1
way/1267019489,66.89,1
way/1267019490,47.94,1
way/1267019491,66.93,1
way/1267019492,47.94,1
way/1267019493,47.94,1
way/1267021992,27.9,0
way/1267021994,27.9,0
way/1267021995,27.9,0
way/1267021996,27.9,0
way/1267021997,27.9,0
way/1267021998,6.92,0
way/1267026379,67.86,1
way/1267051365,75.58,1
way/1267059101,27.9,0
way/1267059102,27.9,0
way/1267059103,27.9,0
way/1267059104,27.9,0
way/1267059105,27.9,0
way/1267059106,27.9,0
way/1267060647,42.02,1
way/1267084994,68.22,1
way/1267087865,41.37,1
way/1267087866,86.61,1
way/1267089651,27.9,0
way/1268305483,6.1,0
way/1268305484,5.21,0
way/1268305485,6.1,0
way/1268305486,6.1,0
way/1268305487,6.1,0
way/1268305488,29.82,0
way/1268305489,5.21,0
way/1268305490,21.88,0
way/1289573613,47.94,1
way/1292544953,5.21,0
way/1292544954,5.21,0
way/1292598208,14.59,0
way/1292598209,22.64,0
way/1292598210,14.59,0
way/1292598211,22.64,0
way/1292598916,22.5,0
way/1292985004,21.88,0
way/1292992763,39.33,1
way/1292993315,6.92,0
way/1292993723,37.51,1
way/1292994711,49.94,1
way/1292998861,29.86,0
way/1295700053,66.93,1
way/1296831174,30.57,0
way/1296946975,21.88,0
way/1298049683,5.21,0
way/1298049684,5.21,0
way/1298049685,5.21,0
way/1298049686,5.21,0
way/1298049687,5.21,0
way/1298049688,5.21,0
way/1298049689,5.21,0
way/1300169029,5.21,0
way/1300169030,5.21,0
way/1300169031,33.68,0
way/1300169034,21.88,0
way/1300169035,21.88,0
way/1300194652,24.31,0
way/1300194653,11.48,0
way/1300194989,11.48,0
way/1302351588,5.21,0
way/1302351589,5.21,0
way/1302483938,5.21,0
way/1303628858,20.58,0
way/1303628859,20.58,0
way/1303630934,5.21,0
way/1303630935,21.88,0
way/1303630936,5.21,0
way/1303630938,5.21,0
way/1303630940,21.88,0
way/1303630941,5.21,0
way/1303632308,5.21,0
way/1303632309,5.21,0
way/1303632311,5.21,0
way/1303633144,20.58,0
way/1303634357,40.64,1
way/1303636913,67.25,1
way/1303638102,24.31,0
way/1303639550,6.92,0
way/1303639551,40.5,1
way/1303639552,46.51,1
way/1303639553,17.89,0
way/1303639554,66.42,1
way/1303639555,40.5,1
way/1303639556,17.89,0
way/1303639558,47.94,1
way/1303639559,17.89,0
way/1303639560,47.94,1
way/1303639561,49.25,1
way/1303652893,66.69,1
way/1303652894,68.22,1
way/1303652896,63.13,1
way/1303653241,22.64,0
way/1303657443,64.79,1
way/1303657444,64.79,1
way/1303658393,54.42,1
way/1303658395,40.64,1
way/1303658397,54.42,1
way/1303658398,40.64,1
way/1303658428,95.03,1
way/1303661728,47.2,1
way/1303662057,68.22,1
way/1303662058,66.2,1
way/1303670337,40.5,1
way/1303671848,68.22,1
way/1303671849,68.22,1
way/1303675854,86.32,1
way/1303678276,17.89,0
way/1303679232,47.94,1
way/1303679233,20.58,0
way/1303693394,5.21,0
way/1303821774,66.2,1
way/1303854971,37.28,1
way/1304569810,96.67,1
way/1304575598,5.21,0
way/1304578587,5.21,0
way/1304578588,5.21,0
way/1304592228,5.21,0
way/1305743436,22.64,0
way/1311573088,53.8,1
way/1311737606,5.21,0
way/1311740389,5.21,0
way/1316335231,42.02,1
way/1316335232,42.02,1
way/1316335233,24.31,0
way/1316335234,10.49,0
way/1316335235,5.21,0
way/1316335236,6.92,0
way/1316335709,5.21,0
way/1316335715,5.21,0
way/1316335719,5.21,0
way/1316335720,5.21,0
way/1316336548,5.21,0
way/1316336549,5.21,0
way/1316336550,5.21,0
way/1316336551,5.21,0
way/1316336552,5.21,0
way/1316337181,20.99,0
way/1316337182,20.99,0
way/1316337183,5.21,0
way/1316337184,22.64,0
way/1316339675,20.99,0
way/1316339676,5.21,0
way/1316339677,5.21,0
way/1316339678,5.21,0
way/1316339679,22.64,0
way/1316339680,22.64,0
way/1316340877,5.21,0
way/1316340878,51.45,1
way/1316340879,6.1,0
way/1316342007,67.86,1
way/1316342008,67.86,1
way/1316342009,65.09,1
way/1316342010,47.94,1
way/1316342011,64.79,1
way/1316342012,64.79,1
way/1316342871,57.59,1
way/1316342872,66.69,1
way/1316342873,55.73,1
way/1316342874,52.06,1
way/1316343251,54.06,1
way/1316343252,60.72,1
way/1316343253,54.06,1
way/1316343254,54.06,1
way/1316344080,75.58,1
way/1316345597,75.58,1
way/1316345598,67.96,1
way/1316345599,75.58,1
way/1316345600,75.58,1
way/1316345602,64.79,1
way/1316345603,64.79,1
way/1316345604,64.79,1
way/1316345605,64.79,1
way/1316345913,64.79,1
way/1316345914,64.79,1
way/1316345916,75.58,1
way/1316345917,75.58,1
way/1316345918,67.96,1
way/1316346102,27.16,0
way/1316346103,24.57,0
way/1316346957,47.94,1
way/1316346958,47.94,1
way/1316346959,5.21,0
way/1316346960,5.21,0
way/1316346961,21.88,0
way/1316346962,21.88,0
way/1316348115,20.58,0
way/1316348116,20.58,0
way/1329018517,5.21,0
way/1329018518,5.21,0
way/1329018519,5.21,0
way/1336405748,57.37,1
way/1343462011,64.79,1
way/1343462012,38.37,1
way/1343462013,39.1,1
way/1343462014,77.22,1
way/1343462015,64.35,1
way/1343462016,38.37,1
way/1343462017,41.37,1
way/1348300956,24.31,0
way/1352373154,5.21,0
way/1352373155,31.25,0
way/1388441903,63.48,1
way/1388441904,37.62,1
way/1389996751,5.21,0
way/1391008615,39.45,1
way/1391116405,47.94,1
way/1391116406,47.94,1
way/1391116407,20.58,0
way/1391116408,20.58,0
way/1392332258,42.68,1
way/1394466734,5.21,0
way/1394495906,5.21,0
way/1411376127,23.42,0
way/1411376128,5.21,0
way/1411376129,5.21,0
way/1411376130,24.31,0
way/1411376131,5.21,0
way/1425558155,40.64,1
way/1467191042,17.07,0
way/1467294707,43.3,1
way/1467294708,13.45,0
way/1467294709,29.84,0
way/1467294710,13.45,0
way/1467802051,29.84,0
way/1467802052,43.3,1
way/1467802053,24.31,0
way/1467802054,41.37,1
way/1467802055,34.86,0
way/1467802056,6.1,0
way/1467804097,14.72,0
way/1467804098,43.3,1
way/1467809605,41.38,1
way/1467809617,41.38,1
way/1468723067,22.64,0
way/1468723068,38.02,1
way/1468723069,22.64,0
way/1473867930,38.02,1
way/1478892440,6.92,0
way/1500143088,5.21,0
way/1533509407,22.64,0
way/1537208035,24.31,0
way/1537208036,26.23,0
way/1537208037,26.23,0
way/1537208038,24.31,0
way/1537208039,27.9,0
way/1537208040,26.23,0
way/1537208041,27.9,0
way/1537208042,27.9,0
way/1537208043,39.33,1
way/1537208044,27.9,0
way/1537208045,26.23,0
way/1540881234,6.92,0
